<?xml version="1.0" encoding="UTF-8" ?>
<extension version="2.5" type="plugin" group="vmpayment">
    <name>DIBS FlexWin</name>
    <creationDate>April 2013</creationDate>
    <author>DIBS A/S</author>
    <authorUrl>http://www.dibspayment.com</authorUrl>
    <copyright>Copyright (C) 2012 DIBS A/S. All rights reserved.</copyright>
    <license>http://www.gnu.org/licenses/gpl-3.0.html GNU/GPL</license>
    <version>3.0.3</version>
    <description><![CDATA[<a href="http://dibspayment.com" target="_blank">DIBS</a> is a popular
	payment provider and available in many countries. ]]>
    </description>
    <files>
	<filename plugin="dibsfw">dibsfw.php</filename>
        <filename>imgs/dibsfw.gif</filename>
        <filename>dibs_api/fw/dibs_fw_api.php</filename>
        <filename>dibs_api/fw/dibs_fw_helpers.php</filename>
        <filename>dibs_api/fw/dibs_fw_helpers_cms.php</filename>
        <filename>dibs_api/fw/dibs_fw_helpers_interface.php</filename>
    </files>
    <languages>
	<language tag="en-GB">en-GB.plg_vmpayment_dibsfw.ini</language>
        <language tag="en-GB">en-GB.plg_vmpayment_dibsfw.sys.ini</language>
    </languages>
    <vmconfig>
    <fieldset name="payment" addfieldpath="/administrator/components/com_virtuemart/elements">
        
	<field type="spacer" default="VMPAYMENT_DIBSFW_PARAMS" level="level1" />
        
	<field type="text" name="dibsfw_mid"  size="50" label="VMPAYMENT_DIBSFW_MID"
             default="" description="VMPAYMENT_DIBSFW_MID_DESC" />
        
        <field type="text" name="dibsfw_md5key1"  size="50" label="VMPAYMENT_DIBSFW_MD5KEY1"
             default="" description="VMPAYMENT_DIBSFW_MD5KEY1_DESC" />
   
        <field type="text" name="dibsfw_md5key2"  size="50" label="VMPAYMENT_DIBSFW_MD5KEY2"
             default="" description="VMPAYMENT_DIBSFW_MD5KEY2_DESC" />
	
	<field name="dibsfw_testmode" type="radio" default="yes" 
            label="VMPAYMENT_DIBSFW_TESTMODE" description="VMPAYMENT_DIBSFW_TESTMODE_DESC">
	    <option value="no">COM_VIRTUEMART_NO</option>
	    <option value="yes">COM_VIRTUEMART_YES</option>
	</field>	
	<field name="dibsfw_fee" type="radio" default="no" 
            label="VMPAYMENT_DIBSFW_FEE" description="VMPAYMENT_DIBSFW_FEE_DESC">
	    <option value="no">COM_VIRTUEMART_NO</option>
	    <option value="yes">COM_VIRTUEMART_YES</option>
	</field>
	<field name="dibsfw_capturenow" type="radio" default="no" 
            label="VMPAYMENT_DIBSFW_CAPTURENOW" description="VMPAYMENT_DIBSFW_CAPTURENOW_DESC">
	    <option value="no">COM_VIRTUEMART_NO</option>
	    <option value="yes">COM_VIRTUEMART_YES</option>
	</field>
	<field name="dibsfw_voucher" type="radio" default="no" 
            label="VMPAYMENT_DIBSFW_VOUCHER" description="VMPAYMENT_DIBSFW_VOUCHER_DESC">
	    <option value="no">COM_VIRTUEMART_NO</option>
	    <option value="yes">COM_VIRTUEMART_YES</option>
	</field>
	<field name="dibsfw_uniq" type="radio" default="no" 
            label="VMPAYMENT_DIBSFW_UNIQ" description="VMPAYMENT_DIBSFW_UNIQ_DESC">
	    <option value="no">COM_VIRTUEMART_NO</option>
	    <option value="yes">COM_VIRTUEMART_YES</option>
	</field>
        
        <field type="radio" name="dibsfw_sklspg"  size="50" label="VMPAYMENT_DIBSFW_SKLSPG"
             default="" description="VMPAYMENT_DIBSFW_SKLSPG_DESC">
    	     <option value="no">COM_VIRTUEMART_NO</option>
	    <option value="yes">COM_VIRTUEMART_YES</option>
        </field>
        
	<field type="text" name="dibsfw_paytype"  size="50" label="VMPAYMENT_DIBSFW_PAYTYPE"
             default="" description="VMPAYMENT_DIBSFW_PAYTYPE_DESC" />
	<field name="dibsfw_lang" type="list" default="en_UK" 
            label="VMPAYMENT_DIBSFW_LANG" description="VMPAYMENT_DIBSFW_LANG_DESC">
            <option value="da">Danish</option>
            <option value="en">English</option>
            <option value="sv">Swedish</option>
            <option value="no">Norwegian</option>
            <option value="fi">Finnish</option>
            <option value="de">German</option>
            <option value="es">Spanish</option>
            <option value="fo">Faroese</option>
            <option value="fr">French</option>
            <option value="it">Italian</option>
            <option value="nl">Dutch</option>
            <option value="pl">Polish</option>
            <option value="kl">Greenlandic</option>
        </field>
	<field type="text" name="dibsfw_account"  size="50" label="VMPAYMENT_DIBSFW_ACCOUNT"
             default="" description="VMPAYMENT_DIBSFW_ACCOUNT_DESC" />
	<field name="dibsfw_distr" type="list" default="empty" 
            label="VMPAYMENT_DIBSFW_DISTR" description="VMPAYMENT_DIBSFW_DISTR_DESC">
            <option value="empty">Auto</option>
            <option value="paper">Paper</option>
            <option value="email">Email</option>
        </field>
        
         <field name="dibsfw_decor" type="list" default="empty" 
            label="VMPAYMENT_DIBSFW_DECOR" description="VMPAYMENT_DIBSFW_DECOR_DESC">
            <option selected="selected" value="default">Default</option>
            <option value="basal">Basal</option>
            <option value="rich">Rich</option>
            <option value="responsive">Responsive</option>
         </field>
        
	<field type="spacer" default="VMPAYMENT_DIBSFW_VIRTUEMART_PARAMS" level="level1" />
        
	<field name="payment_logo" type="vmfiles" label="VMPAYMENT_DIBSFW_LOGO"
             	description="VMPAYMENT_DIBSFW_LOGO_DESC"
             	directory="/plugins/vmpayment/dibsfw/imgs"
             	default="default" hide_default="1" hide_none="1"
             	stripext="0"  exclude="^_" />
	<field name="status_pending" type="vmorderstate" scope="com_virtuemart" default="P" 
            label="VMPAYMENT_DIBSFW_STATUS_PENDING" description="VMPAYMENT_DIBSFW_STATUS_PENDING_DESC" />
	<field name="status_success" type="vmorderstate" scope="com_virtuemart" default="C" 
            label="VMPAYMENT_DIBSFW_STATUS_SUCCESS" description="VMPAYMENT_DIBSFW_STATUS_SUCCESS_DESC" />
	<field name="status_canceled" type="vmorderstate" scope="com_virtuemart" default="X" 
            label="VMPAYMENT_DIBSFW_STATUS_FAILED" description="VMPAYMENT_DIBSFW_STATUS_FAILED_DESC" />
	<field name="countries" type="vmcountries"  scope="com_virtuemart" default="" 
            label="VMPAYMENT_DIBSFW_COUNTRIES" description="VMPAYMENT_DIBSFW_COUNTRIES_DESC"/>
	<field name="min_amount" type="text"  label="VMPAYMENT_DIBSFW_MIN_AMOUNT" 
            description="VMPAYMENT_DIBSFW_MIN_AMOUNT_DESC" />
	<field name="max_amount" type="text"  label="VMPAYMENT_DIBSFW_MAX_AMOUNT" 
            description="VMPAYMENT_DIBSFW_MAX_AMOUNT_DESC" />
    </fieldset>
</vmconfig>
</extension>
